<?xml version="1.0" encoding="UTF-8"?><!DOCTYPE Configure PUBLIC "-//Jetty//Configure//EN" "http://www.eclipse.org/jetty/configure_9_3.dtd">

<!-- ============================================================= --><!-- Configure an HTTP2 on the ssl connector.                       --><!-- ============================================================= -->
<Configure id="httpConnector" class="org.eclipse.jetty.server.ServerConnector">
  <Call name="addConnectionFactory">
    <Arg>
      <New class="org.eclipse.jetty.http2.server.HTTP2CServerConnectionFactory">
        <Arg name="config"><Ref refid="httpConfig"/></Arg>
        <Set name="maxConcurrentStreams"><Property name="jetty.http2c.maxConcurrentStreams" deprecated="http2.maxConcurrentStreams" default="1024"/></Set>
        <Set name="initialStreamRecvWindow"><Property name="jetty.http2c.initialStreamRecvWindow" default="65535"/></Set>
        <Set name="maxSettingsKeys"><Property name="jetty.http2.maxSettingsKeys" default="64"/></Set>
        <Set name="rateControl">
          <Call class="org.eclipse.jetty.http2.parser.WindowRateControl" name="fromEventsPerSecond">
            <Arg type="int"><Property name="jetty.http2.rateControl.maxEventsPerSecond" default="20"/></Arg>
          </Call>
        </Set>
      </New>
    </Arg>
  </Call>
</Configure>
